Musarty DB ID,API,Model ID,Model Name,Provider,Context,Tags,Categories,Key Capabilities,Capabilities 1,Capabilities 2,Capabilities 3,Capabilities 4,Description,Logo Image url,Online,Idle,Ofline,UI Template ID,Use Case,Musarty ID,Template ID,API Endpoint URL
,AI Gateway,alibaba/qwen-3-14b,Qwen 3 14b,alibaba,128K,,,"General, AI, Assistant",General,AI,Assistant,,"alibaba Qwen 3 14b - AI model available through Vercel AI Gateway",,,,,,,alibaba/qwen-3-14b,alibaba/qwen-3-14b,https://gateway.ai.vercel.com/v1
,AI Gateway,alibaba/qwen-3-235b,Qwen 3 235b,alibaba,128K,,,"General, AI, Assistant",General,AI,Assistant,,"alibaba Qwen 3 235b - AI model available through Vercel AI Gateway",,,,,,,alibaba/qwen-3-235b,alibaba/qwen-3-235b,https://gateway.ai.vercel.com/v1
,AI Gateway,alibaba/qwen-3-30b,Qwen 3 30b,alibaba,128K,,,"General, AI, Assistant",General,AI,Assistant,,"alibaba Qwen 3 30b - AI model available through Vercel AI Gateway",,,,,,,alibaba/qwen-3-30b,alibaba/qwen-3-30b,https://gateway.ai.vercel.com/v1
,AI Gateway,alibaba/qwen-3-32b,Qwen 3 32b,alibaba,128K,,,"General, AI, Assistant",General,AI,Assistant,,"alibaba Qwen 3 32b - AI model available through Vercel AI Gateway",,,,,,,alibaba/qwen-3-32b,alibaba/qwen-3-32b,https://gateway.ai.vercel.com/v1
,AI Gateway,alibaba/qwen3-coder,Qwen3 Coder,alibaba,128K,,,"General, AI, Assistant",General,AI,Assistant,,"alibaba Qwen3 Coder - AI model available through Vercel AI Gateway",,,,,,,alibaba/qwen3-coder,alibaba/qwen3-coder,https://gateway.ai.vercel.com/v1
,AI Gateway,alibaba/qwen3-max,Qwen3 Max,alibaba,128K,,,"General, AI, Assistant",General,AI,Assistant,,"alibaba Qwen3 Max - AI model available through Vercel AI Gateway",,,,,,,alibaba/qwen3-max,alibaba/qwen3-max,https://gateway.ai.vercel.com/v1
,AI Gateway,alibaba/qwen3-next-80b-a3b-instruct,Qwen3 Next 80b A3b Instruct,alibaba,128K,,,"General, AI, Assistant",General,AI,Assistant,,"alibaba Qwen3 Next 80b A3b Instruct - AI model available through Vercel AI Gateway",,,,,,,alibaba/qwen3-next-80b-a3b-instruct,alibaba/qwen3-next-80b-a3b-instruct,https://gateway.ai.vercel.com/v1
,AI Gateway,amazon/nova-lite,Nova Lite,amazon,128K,,,"General, AI, Assistant",General,AI,Assistant,,"amazon Nova Lite - AI model available through Vercel AI Gateway",,,,,,,amazon/nova-lite,amazon/nova-lite,https://gateway.ai.vercel.com/v1
,AI Gateway,amazon/titan-embed-text-v2,Titan Embed Text V2,amazon,128K,,,"General, AI, Assistant",General,AI,Assistant,,"amazon Titan Embed Text V2 - AI model available through Vercel AI Gateway",,,,,,,amazon/titan-embed-text-v2,amazon/titan-embed-text-v2,https://gateway.ai.vercel.com/v1
,AI Gateway,anthropic/claude-3-haiku,Claude 3 Haiku,Anthropic,200K,,,"Reasoning, Coding, Fast",Reasoning,Coding,Fast,,"Anthropic Claude 3 Haiku - AI model available through Vercel AI Gateway",,,,,,,anthropic/claude-3-haiku,anthropic/claude-3-haiku,https://gateway.ai.vercel.com/v1
,AI Gateway,anthropic/claude-3-opus,Claude 3 Opus,Anthropic,200K,,,"Reasoning, Coding, Fast",Reasoning,Coding,Fast,,"Anthropic Claude 3 Opus - AI model available through Vercel AI Gateway",,,,,,,anthropic/claude-3-opus,anthropic/claude-3-opus,https://gateway.ai.vercel.com/v1
,AI Gateway,anthropic/claude-3.5-haiku,Claude 3.5 Haiku,Anthropic,200K,,,"Reasoning, Coding, Fast",Reasoning,Coding,Fast,,"Anthropic Claude 3.5 Haiku - AI model available through Vercel AI Gateway",,,,,,,anthropic/claude-3.5-haiku,anthropic/claude-3.5-haiku,https://gateway.ai.vercel.com/v1
,AI Gateway,anthropic/claude-3.5-sonnet,Claude 3.5 Sonnet,Anthropic,200K,,,"Reasoning, Coding, Fast",Reasoning,Coding,Fast,,"Anthropic Claude 3.5 Sonnet - AI model available through Vercel AI Gateway",,,,,,,anthropic/claude-3.5-sonnet,anthropic/claude-3.5-sonnet,https://gateway.ai.vercel.com/v1
,AI Gateway,anthropic/claude-3.7-sonnet,Claude 3.7 Sonnet,Anthropic,200K,,,"Reasoning, Coding, Fast",Reasoning,Coding,Fast,,"Anthropic Claude 3.7 Sonnet - AI model available through Vercel AI Gateway",,,,,,,anthropic/claude-3.7-sonnet,anthropic/claude-3.7-sonnet,https://gateway.ai.vercel.com/v1
,AI Gateway,anthropic/claude-opus-4,Claude Opus 4,Anthropic,200K,,,"Reasoning, Coding, Fast",Reasoning,Coding,Fast,,"Anthropic Claude Opus 4 - AI model available through Vercel AI Gateway",,,,,,,anthropic/claude-opus-4,anthropic/claude-opus-4,https://gateway.ai.vercel.com/v1
,AI Gateway,anthropic/claude-opus-4.1,Claude Opus 4.1,Anthropic,1M,,,"Reasoning, Coding, Fast",Reasoning,Coding,Fast,,"Anthropic Claude Opus 4.1 - AI model available through Vercel AI Gateway",,,,,,,anthropic/claude-opus-4.1,anthropic/claude-opus-4.1,https://gateway.ai.vercel.com/v1
,AI Gateway,anthropic/claude-sonnet-4,Claude Sonnet 4,Anthropic,200K,,,"Reasoning, Coding, Fast",Reasoning,Coding,Fast,,"Anthropic Claude Sonnet 4 - AI model available through Vercel AI Gateway",,,,,,,anthropic/claude-sonnet-4,anthropic/claude-sonnet-4,https://gateway.ai.vercel.com/v1
,AI Gateway,cohere/command-a,Command A,cohere,128K,,,"General, AI, Assistant",General,AI,Assistant,,"cohere Command A - AI model available through Vercel AI Gateway",,,,,,,cohere/command-a,cohere/command-a,https://gateway.ai.vercel.com/v1
,AI Gateway,cohere/command-r-plus,Command R Plus,cohere,128K,,,"General, AI, Assistant",General,AI,Assistant,,"cohere Command R Plus - AI model available through Vercel AI Gateway",,,,,,,cohere/command-r-plus,cohere/command-r-plus,https://gateway.ai.vercel.com/v1
,AI Gateway,cohere/embed-v4.0,Embed V4.0,cohere,128K,,,"General, AI, Assistant",General,AI,Assistant,,"cohere Embed V4.0 - AI model available through Vercel AI Gateway",,,,,,,cohere/embed-v4.0,cohere/embed-v4.0,https://gateway.ai.vercel.com/v1
,AI Gateway,deepseek/deepseek-r1,Deepseek R1,deepseek,128K,,,"General, AI, Assistant",General,AI,Assistant,,"deepseek Deepseek R1 - AI model available through Vercel AI Gateway",,,,,,,deepseek/deepseek-r1,deepseek/deepseek-r1,https://gateway.ai.vercel.com/v1
,AI Gateway,deepseek/deepseek-r1-distill-llama-70b,Deepseek R1 Distill Llama 70b,deepseek,128K,,,"General, AI, Assistant",General,AI,Assistant,,"deepseek Deepseek R1 Distill Llama 70b - AI model available through Vercel AI Gateway",,,,,,,deepseek/deepseek-r1-distill-llama-70b,deepseek/deepseek-r1-distill-llama-70b,https://gateway.ai.vercel.com/v1
,AI Gateway,deepseek/deepseek-v3,Deepseek V3,deepseek,128K,,,"General, AI, Assistant",General,AI,Assistant,,"deepseek Deepseek V3 - AI model available through Vercel AI Gateway",,,,,,,deepseek/deepseek-v3,deepseek/deepseek-v3,https://gateway.ai.vercel.com/v1
,AI Gateway,deepseek/deepseek-v3.1,Deepseek V3.1,deepseek,128K,,,"General, AI, Assistant",General,AI,Assistant,,"deepseek Deepseek V3.1 - AI model available through Vercel AI Gateway",,,,,,,deepseek/deepseek-v3.1,deepseek/deepseek-v3.1,https://gateway.ai.vercel.com/v1
,AI Gateway,deepseek/deepseek-v3.1-base,Deepseek V3.1 Base,deepseek,128K,,,"General, AI, Assistant",General,AI,Assistant,,"deepseek Deepseek V3.1 Base - AI model available through Vercel AI Gateway",,,,,,,deepseek/deepseek-v3.1-base,deepseek/deepseek-v3.1-base,https://gateway.ai.vercel.com/v1
,AI Gateway,deepseek/deepseek-v3.1-thinking,Deepseek V3.1 Thinking,deepseek,128K,,,"General, AI, Assistant",General,AI,Assistant,,"deepseek Deepseek V3.1 Thinking - AI model available through Vercel AI Gateway",,,,,,,deepseek/deepseek-v3.1-thinking,deepseek/deepseek-v3.1-thinking,https://gateway.ai.vercel.com/v1
,AI Gateway,google/gemini-2.0-flash,Gemini 2.0 Flash,Google DeepMind,1M,,,"Multimodal, Fast, Tools",Multimodal,Fast,Tools,,"Google DeepMind Gemini 2.0 Flash - AI model available through Vercel AI Gateway",,,,,,,google/gemini-2.0-flash,google/gemini-2.0-flash,https://gateway.ai.vercel.com/v1
,AI Gateway,google/gemini-2.0-flash-lite,Gemini 2.0 Flash Lite,Google DeepMind,1M,,,"Multimodal, Fast, Tools",Multimodal,Fast,Tools,,"Google DeepMind Gemini 2.0 Flash Lite - AI model available through Vercel AI Gateway",,,,,,,google/gemini-2.0-flash-lite,google/gemini-2.0-flash-lite,https://gateway.ai.vercel.com/v1
,AI Gateway,google/gemini-2.5-flash,Gemini 2.5 Flash,Google DeepMind,1M,,,"Multimodal, Fast, Tools",Multimodal,Fast,Tools,,"Google DeepMind Gemini 2.5 Flash - AI model available through Vercel AI Gateway",,,,,,,google/gemini-2.5-flash,google/gemini-2.5-flash,https://gateway.ai.vercel.com/v1
,AI Gateway,google/gemini-2.5-flash-image-preview,Gemini 2.5 Flash Image Preview,Google DeepMind,1M,,,"Multimodal, Fast, Tools",Multimodal,Fast,Tools,,"Google DeepMind Gemini 2.5 Flash Image Preview - AI model available through Vercel AI Gateway",,,,,,,google/gemini-2.5-flash-image-preview,google/gemini-2.5-flash-image-preview,https://gateway.ai.vercel.com/v1
,AI Gateway,google/gemini-2.5-flash-lite,Gemini 2.5 Flash Lite,Google DeepMind,1M,,,"Multimodal, Fast, Tools",Multimodal,Fast,Tools,,"Google DeepMind Gemini 2.5 Flash Lite - AI model available through Vercel AI Gateway",,,,,,,google/gemini-2.5-flash-lite,google/gemini-2.5-flash-lite,https://gateway.ai.vercel.com/v1
,AI Gateway,google/gemini-2.5-pro,Gemini 2.5 Pro,Google DeepMind,1M,,,"Multimodal, Fast, Tools",Multimodal,Fast,Tools,,"Google DeepMind Gemini 2.5 Pro - AI model available through Vercel AI Gateway",,,,,,,google/gemini-2.5-pro,google/gemini-2.5-pro,https://gateway.ai.vercel.com/v1
,AI Gateway,google/gemini-embedding-001,Gemini Embedding 001,Google DeepMind,128K,,,"Embeddings, Search, Semantic",Embeddings,Search,Semantic,,"Google DeepMind Gemini Embedding 001 - AI model available through Vercel AI Gateway",,,,,,,google/gemini-embedding-001,google/gemini-embedding-001,https://gateway.ai.vercel.com/v1
,AI Gateway,google/gemma-2-9b,Gemma 2 9b,Google DeepMind,128K,,,"General, AI, Assistant",General,AI,Assistant,,"Google DeepMind Gemma 2 9b - AI model available through Vercel AI Gateway",,,,,,,google/gemma-2-9b,google/gemma-2-9b,https://gateway.ai.vercel.com/v1
,AI Gateway,google/text-embedding-005,Text Embedding 005,Google DeepMind,128K,,,"Embeddings, Search, Semantic",Embeddings,Search,Semantic,,"Google DeepMind Text Embedding 005 - AI model available through Vercel AI Gateway",,,,,,,google/text-embedding-005,google/text-embedding-005,https://gateway.ai.vercel.com/v1
,AI Gateway,google/text-multilingual-embedding-002,Text Multilingual Embedding 002,Google DeepMind,128K,,,"Embeddings, Search, Semantic",Embeddings,Search,Semantic,,"Google DeepMind Text Multilingual Embedding 002 - AI model available through Vercel AI Gateway",,,,,,,google/text-multilingual-embedding-002,google/text-multilingual-embedding-002,https://gateway.ai.vercel.com/v1
,AI Gateway,inception/mercury-coder-small,Mercury Coder Small,inception,128K,,,"General, AI, Assistant",General,AI,Assistant,,"inception Mercury Coder Small - AI model available through Vercel AI Gateway",,,,,,,inception/mercury-coder-small,inception/mercury-coder-small,https://gateway.ai.vercel.com/v1
,AI Gateway,meituan/longcat-flash-chat,Longcat Flash Chat,meituan,128K,,,"General, AI, Assistant",General,AI,Assistant,,"meituan Longcat Flash Chat - AI model available through Vercel AI Gateway",,,,,,,meituan/longcat-flash-chat,meituan/longcat-flash-chat,https://gateway.ai.vercel.com/v1
,AI Gateway,meta/llama-3-70b,Llama 3 70b,meta,128K,,,"General, AI, Assistant",General,AI,Assistant,,"meta Llama 3 70b - AI model available through Vercel AI Gateway",,,,,,,meta/llama-3-70b,meta/llama-3-70b,https://gateway.ai.vercel.com/v1
,AI Gateway,meta/llama-3-8b,Llama 3 8b,meta,128K,,,"General, AI, Assistant",General,AI,Assistant,,"meta Llama 3 8b - AI model available through Vercel AI Gateway",,,,,,,meta/llama-3-8b,meta/llama-3-8b,https://gateway.ai.vercel.com/v1
,AI Gateway,meta/llama-3.1-70b,Llama 3.1 70b,meta,128K,,,"General, AI, Assistant",General,AI,Assistant,,"meta Llama 3.1 70b - AI model available through Vercel AI Gateway",,,,,,,meta/llama-3.1-70b,meta/llama-3.1-70b,https://gateway.ai.vercel.com/v1
,AI Gateway,meta/llama-3.1-8b,Llama 3.1 8b,meta,128K,,,"General, AI, Assistant",General,AI,Assistant,,"meta Llama 3.1 8b - AI model available through Vercel AI Gateway",,,,,,,meta/llama-3.1-8b,meta/llama-3.1-8b,https://gateway.ai.vercel.com/v1
,AI Gateway,meta/llama-3.2-11b,Llama 3.2 11b,meta,128K,,,"General, AI, Assistant",General,AI,Assistant,,"meta Llama 3.2 11b - AI model available through Vercel AI Gateway",,,,,,,meta/llama-3.2-11b,meta/llama-3.2-11b,https://gateway.ai.vercel.com/v1
,AI Gateway,meta/llama-3.2-1b,Llama 3.2 1b,meta,128K,,,"General, AI, Assistant",General,AI,Assistant,,"meta Llama 3.2 1b - AI model available through Vercel AI Gateway",,,,,,,meta/llama-3.2-1b,meta/llama-3.2-1b,https://gateway.ai.vercel.com/v1
,AI Gateway,meta/llama-3.2-3b,Llama 3.2 3b,meta,128K,,,"General, AI, Assistant",General,AI,Assistant,,"meta Llama 3.2 3b - AI model available through Vercel AI Gateway",,,,,,,meta/llama-3.2-3b,meta/llama-3.2-3b,https://gateway.ai.vercel.com/v1
,AI Gateway,meta/llama-3.2-90b,Llama 3.2 90b,meta,128K,,,"General, AI, Assistant",General,AI,Assistant,,"meta Llama 3.2 90b - AI model available through Vercel AI Gateway",,,,,,,meta/llama-3.2-90b,meta/llama-3.2-90b,https://gateway.ai.vercel.com/v1
,AI Gateway,meta/llama-3.3-70b,Llama 3.3 70b,meta,128K,,,"General, AI, Assistant",General,AI,Assistant,,"meta Llama 3.3 70b - AI model available through Vercel AI Gateway",,,,,,,meta/llama-3.3-70b,meta/llama-3.3-70b,https://gateway.ai.vercel.com/v1
,AI Gateway,meta/llama-4-maverick,Llama 4 Maverick,meta,128K,,,"General, AI, Assistant",General,AI,Assistant,,"meta Llama 4 Maverick - AI model available through Vercel AI Gateway",,,,,,,meta/llama-4-maverick,meta/llama-4-maverick,https://gateway.ai.vercel.com/v1
,AI Gateway,meta/llama-4-scout,Llama 4 Scout,meta,128K,,,"General, AI, Assistant",General,AI,Assistant,,"meta Llama 4 Scout - AI model available through Vercel AI Gateway",,,,,,,meta/llama-4-scout,meta/llama-4-scout,https://gateway.ai.vercel.com/v1
,AI Gateway,mistral/codestral,Codestral,mistral,128K,,,"General, AI, Assistant",General,AI,Assistant,,"mistral Codestral - AI model available through Vercel AI Gateway",,,,,,,mistral/codestral,mistral/codestral,https://gateway.ai.vercel.com/v1
,AI Gateway,mistral/codestral-embed,Codestral Embed,mistral,128K,,,"General, AI, Assistant",General,AI,Assistant,,"mistral Codestral Embed - AI model available through Vercel AI Gateway",,,,,,,mistral/codestral-embed,mistral/codestral-embed,https://gateway.ai.vercel.com/v1
,AI Gateway,mistral/devstral-small,Devstral Small,mistral,128K,,,"General, AI, Assistant",General,AI,Assistant,,"mistral Devstral Small - AI model available through Vercel AI Gateway",,,,,,,mistral/devstral-small,mistral/devstral-small,https://gateway.ai.vercel.com/v1
,AI Gateway,mistral/magistral-medium,Magistral Medium,mistral,128K,,,"General, AI, Assistant",General,AI,Assistant,,"mistral Magistral Medium - AI model available through Vercel AI Gateway",,,,,,,mistral/magistral-medium,mistral/magistral-medium,https://gateway.ai.vercel.com/v1
,AI Gateway,mistral/magistral-small,Magistral Small,mistral,128K,,,"General, AI, Assistant",General,AI,Assistant,,"mistral Magistral Small - AI model available through Vercel AI Gateway",,,,,,,mistral/magistral-small,mistral/magistral-small,https://gateway.ai.vercel.com/v1
,AI Gateway,mistral/ministral-3b,Ministral 3b,mistral,128K,,,"General, AI, Assistant",General,AI,Assistant,,"mistral Ministral 3b - AI model available through Vercel AI Gateway",,,,,,,mistral/ministral-3b,mistral/ministral-3b,https://gateway.ai.vercel.com/v1
,AI Gateway,mistral/mistral-embed,Mistral Embed,mistral,128K,,,"General, AI, Assistant",General,AI,Assistant,,"mistral Mistral Embed - AI model available through Vercel AI Gateway",,,,,,,mistral/mistral-embed,mistral/mistral-embed,https://gateway.ai.vercel.com/v1
,AI Gateway,mistral/mistral-large,Mistral Large,mistral,128K,,,"General, AI, Assistant",General,AI,Assistant,,"mistral Mistral Large - AI model available through Vercel AI Gateway",,,,,,,mistral/mistral-large,mistral/mistral-large,https://gateway.ai.vercel.com/v1
,AI Gateway,mistral/mistral-medium,Mistral Medium,mistral,128K,,,"General, AI, Assistant",General,AI,Assistant,,"mistral Mistral Medium - AI model available through Vercel AI Gateway",,,,,,,mistral/mistral-medium,mistral/mistral-medium,https://gateway.ai.vercel.com/v1
,AI Gateway,mistral/mistral-small,Mistral Small,mistral,128K,,,"General, AI, Assistant",General,AI,Assistant,,"mistral Mistral Small - AI model available through Vercel AI Gateway",,,,,,,mistral/mistral-small,mistral/mistral-small,https://gateway.ai.vercel.com/v1
,AI Gateway,mistral/mixtral-8x22b-instruct,Mixtral 8x22b Instruct,mistral,128K,,,"General, AI, Assistant",General,AI,Assistant,,"mistral Mixtral 8x22b Instruct - AI model available through Vercel AI Gateway",,,,,,,mistral/mixtral-8x22b-instruct,mistral/mixtral-8x22b-instruct,https://gateway.ai.vercel.com/v1
,AI Gateway,mistral/pixtral-12b,Pixtral 12b,mistral,128K,,,"General, AI, Assistant",General,AI,Assistant,,"mistral Pixtral 12b - AI model available through Vercel AI Gateway",,,,,,,mistral/pixtral-12b,mistral/pixtral-12b,https://gateway.ai.vercel.com/v1
,AI Gateway,mistral/pixtral-large,Pixtral Large,mistral,128K,,,"General, AI, Assistant",General,AI,Assistant,,"mistral Pixtral Large - AI model available through Vercel AI Gateway",,,,,,,mistral/pixtral-large,mistral/pixtral-large,https://gateway.ai.vercel.com/v1
,AI Gateway,moonshotai/kimi-k2,Kimi K2,moonshotai,128K,,,"General, AI, Assistant",General,AI,Assistant,,"moonshotai Kimi K2 - AI model available through Vercel AI Gateway",,,,,,,moonshotai/kimi-k2,moonshotai/kimi-k2,https://gateway.ai.vercel.com/v1
,AI Gateway,moonshotai/kimi-k2-0905,Kimi K2 0905,moonshotai,128K,,,"General, AI, Assistant",General,AI,Assistant,,"moonshotai Kimi K2 0905 - AI model available through Vercel AI Gateway",,,,,,,moonshotai/kimi-k2-0905,moonshotai/kimi-k2-0905,https://gateway.ai.vercel.com/v1
,AI Gateway,moonshotai/kimi-k2-turbo,Kimi K2 Turbo,moonshotai,128K,,,"General, AI, Assistant",General,AI,Assistant,,"moonshotai Kimi K2 Turbo - AI model available through Vercel AI Gateway",,,,,,,moonshotai/kimi-k2-turbo,moonshotai/kimi-k2-turbo,https://gateway.ai.vercel.com/v1
,AI Gateway,morph/morph-v3-fast,Morph V3 Fast,morph,128K,,,"General, AI, Assistant",General,AI,Assistant,,"morph Morph V3 Fast - AI model available through Vercel AI Gateway",,,,,,,morph/morph-v3-fast,morph/morph-v3-fast,https://gateway.ai.vercel.com/v1
,AI Gateway,morph/morph-v3-large,Morph V3 Large,morph,128K,,,"General, AI, Assistant",General,AI,Assistant,,"morph Morph V3 Large - AI model available through Vercel AI Gateway",,,,,,,morph/morph-v3-large,morph/morph-v3-large,https://gateway.ai.vercel.com/v1
,AI Gateway,openai/gpt-3.5-turbo,Gpt 3.5 Turbo,OpenAI,128K,,,"General, AI, Assistant",General,AI,Assistant,,"OpenAI Gpt 3.5 Turbo - AI model available through Vercel AI Gateway",,,,,,,openai/gpt-3.5-turbo,openai/gpt-3.5-turbo,https://gateway.ai.vercel.com/v1
,AI Gateway,openai/gpt-3.5-turbo-instruct,Gpt 3.5 Turbo Instruct,OpenAI,128K,,,"General, AI, Assistant",General,AI,Assistant,,"OpenAI Gpt 3.5 Turbo Instruct - AI model available through Vercel AI Gateway",,,,,,,openai/gpt-3.5-turbo-instruct,openai/gpt-3.5-turbo-instruct,https://gateway.ai.vercel.com/v1
,AI Gateway,openai/gpt-4-turbo,Gpt 4 Turbo,OpenAI,128K,,,"General, AI, Assistant",General,AI,Assistant,,"OpenAI Gpt 4 Turbo - AI model available through Vercel AI Gateway",,,,,,,openai/gpt-4-turbo,openai/gpt-4-turbo,https://gateway.ai.vercel.com/v1
,AI Gateway,openai/gpt-4.1,Gpt 4.1,OpenAI,1M,,,"General, AI, Assistant",General,AI,Assistant,,"OpenAI Gpt 4.1 - AI model available through Vercel AI Gateway",,,,,,,openai/gpt-4.1,openai/gpt-4.1,https://gateway.ai.vercel.com/v1
,AI Gateway,openai/gpt-4.1-mini,Gpt 4.1 Mini,OpenAI,1M,,,"General, AI, Assistant",General,AI,Assistant,,"OpenAI Gpt 4.1 Mini - AI model available through Vercel AI Gateway",,,,,,,openai/gpt-4.1-mini,openai/gpt-4.1-mini,https://gateway.ai.vercel.com/v1
,AI Gateway,openai/gpt-4.1-nano,Gpt 4.1 Nano,OpenAI,1M,,,"General, AI, Assistant",General,AI,Assistant,,"OpenAI Gpt 4.1 Nano - AI model available through Vercel AI Gateway",,,,,,,openai/gpt-4.1-nano,openai/gpt-4.1-nano,https://gateway.ai.vercel.com/v1
,AI Gateway,openai/gpt-4o,Gpt 4o,OpenAI,128K,,,"General, AI, Assistant",General,AI,Assistant,,"OpenAI Gpt 4o - AI model available through Vercel AI Gateway",,,,,,,openai/gpt-4o,openai/gpt-4o,https://gateway.ai.vercel.com/v1
,AI Gateway,openai/gpt-4o-mini,Gpt 4o Mini,OpenAI,128K,,,"General, AI, Assistant",General,AI,Assistant,,"OpenAI Gpt 4o Mini - AI model available through Vercel AI Gateway",,,,,,,openai/gpt-4o-mini,openai/gpt-4o-mini,https://gateway.ai.vercel.com/v1
,AI Gateway,openai/gpt-5,Gpt 5,OpenAI,128K,,,"Reasoning, Advanced, Coding",Reasoning,Advanced,Coding,,"OpenAI Gpt 5 - AI model available through Vercel AI Gateway",,,,,,,openai/gpt-5,openai/gpt-5,https://gateway.ai.vercel.com/v1
,AI Gateway,openai/gpt-5-mini,Gpt 5 Mini,OpenAI,400K,,,"Reasoning, Advanced, Coding",Reasoning,Advanced,Coding,,"OpenAI Gpt 5 Mini - AI model available through Vercel AI Gateway",,,,,,,openai/gpt-5-mini,openai/gpt-5-mini,https://gateway.ai.vercel.com/v1
,AI Gateway,openai/gpt-5-nano,Gpt 5 Nano,OpenAI,400K,,,"Reasoning, Advanced, Coding",Reasoning,Advanced,Coding,,"OpenAI Gpt 5 Nano - AI model available through Vercel AI Gateway",,,,,,,openai/gpt-5-nano,openai/gpt-5-nano,https://gateway.ai.vercel.com/v1
,AI Gateway,openai/gpt-oss-120b,Gpt Oss 120b,OpenAI,128K,,,"General, AI, Assistant",General,AI,Assistant,,"OpenAI Gpt Oss 120b - AI model available through Vercel AI Gateway",,,,,,,openai/gpt-oss-120b,openai/gpt-oss-120b,https://gateway.ai.vercel.com/v1
,AI Gateway,openai/gpt-oss-20b,Gpt Oss 20b,OpenAI,128K,,,"General, AI, Assistant",General,AI,Assistant,,"OpenAI Gpt Oss 20b - AI model available through Vercel AI Gateway",,,,,,,openai/gpt-oss-20b,openai/gpt-oss-20b,https://gateway.ai.vercel.com/v1
,AI Gateway,openai/o1,O1,OpenAI,200K,,,"Reasoning, Advanced, Coding",Reasoning,Advanced,Coding,,"OpenAI O1 - AI model available through Vercel AI Gateway",,,,,,,openai/o1,openai/o1,https://gateway.ai.vercel.com/v1
,AI Gateway,openai/o3,O3,OpenAI,128K,,,"Reasoning, Advanced, Coding",Reasoning,Advanced,Coding,,"OpenAI O3 - AI model available through Vercel AI Gateway",,,,,,,openai/o3,openai/o3,https://gateway.ai.vercel.com/v1
,AI Gateway,openai/o3-mini,O3 Mini,OpenAI,128K,,,"Reasoning, Advanced, Coding",Reasoning,Advanced,Coding,,"OpenAI O3 Mini - AI model available through Vercel AI Gateway",,,,,,,openai/o3-mini,openai/o3-mini,https://gateway.ai.vercel.com/v1
,AI Gateway,openai/o4-mini,O4 Mini,OpenAI,128K,,,"Reasoning, Advanced, Coding",Reasoning,Advanced,Coding,,"OpenAI O4 Mini - AI model available through Vercel AI Gateway",,,,,,,openai/o4-mini,openai/o4-mini,https://gateway.ai.vercel.com/v1
,AI Gateway,openai/text-embedding-3-large,Text Embedding 3 Large,OpenAI,128K,,,"Embeddings, Search, Semantic",Embeddings,Search,Semantic,,"OpenAI Text Embedding 3 Large - AI model available through Vercel AI Gateway",,,,,,,openai/text-embedding-3-large,openai/text-embedding-3-large,https://gateway.ai.vercel.com/v1
,AI Gateway,openai/text-embedding-3-small,Text Embedding 3 Small,OpenAI,128K,,,"Embeddings, Search, Semantic",Embeddings,Search,Semantic,,"OpenAI Text Embedding 3 Small - AI model available through Vercel AI Gateway",,,,,,,openai/text-embedding-3-small,openai/text-embedding-3-small,https://gateway.ai.vercel.com/v1
,AI Gateway,openai/text-embedding-ada-002,Text Embedding Ada 002,OpenAI,128K,,,"Embeddings, Search, Semantic",Embeddings,Search,Semantic,,"OpenAI Text Embedding Ada 002 - AI model available through Vercel AI Gateway",,,,,,,openai/text-embedding-ada-002,openai/text-embedding-ada-002,https://gateway.ai.vercel.com/v1
,AI Gateway,perplexity/sonar,Sonar,perplexity,128K,,,"General, AI, Assistant",General,AI,Assistant,,"perplexity Sonar - AI model available through Vercel AI Gateway",,,,,,,perplexity/sonar,perplexity/sonar,https://gateway.ai.vercel.com/v1
,AI Gateway,perplexity/sonar-pro,Sonar Pro,perplexity,128K,,,"General, AI, Assistant",General,AI,Assistant,,"perplexity Sonar Pro - AI model available through Vercel AI Gateway",,,,,,,perplexity/sonar-pro,perplexity/sonar-pro,https://gateway.ai.vercel.com/v1
,AI Gateway,reasoning/chat,Chat,reasoning,128K,,,"General, AI, Assistant",General,AI,Assistant,,"reasoning Chat - AI model available through Vercel AI Gateway",,,,,,,reasoning/chat,reasoning/chat,https://gateway.ai.vercel.com/v1
,AI Gateway,stealth/sonoma-dusk-alpha,Sonoma Dusk Alpha,stealth,128K,,,"General, AI, Assistant",General,AI,Assistant,,"stealth Sonoma Dusk Alpha - AI model available through Vercel AI Gateway",,,,,,,stealth/sonoma-dusk-alpha,stealth/sonoma-dusk-alpha,https://gateway.ai.vercel.com/v1
,AI Gateway,stealth/sonoma-sky-alpha,Sonoma Sky Alpha,stealth,128K,,,"General, AI, Assistant",General,AI,Assistant,,"stealth Sonoma Sky Alpha - AI model available through Vercel AI Gateway",,,,,,,stealth/sonoma-sky-alpha,stealth/sonoma-sky-alpha,https://gateway.ai.vercel.com/v1
,AI Gateway,tokens/second.,Second.,tokens,128K,,,"General, AI, Assistant",General,AI,Assistant,,"tokens Second. - AI model available through Vercel AI Gateway",,,,,,,tokens/second.,tokens/second.,https://gateway.ai.vercel.com/v1
,AI Gateway,vercel/v0-1.0-md,V0 1.0 Md,vercel,128K,,,"General, AI, Assistant",General,AI,Assistant,,"vercel V0 1.0 Md - AI model available through Vercel AI Gateway",,,,,,,vercel/v0-1.0-md,vercel/v0-1.0-md,https://gateway.ai.vercel.com/v1
,AI Gateway,vercel/v0-1.5-md,V0 1.5 Md,vercel,128K,,,"General, AI, Assistant",General,AI,Assistant,,"vercel V0 1.5 Md - AI model available through Vercel AI Gateway",,,,,,,vercel/v0-1.5-md,vercel/v0-1.5-md,https://gateway.ai.vercel.com/v1
,AI Gateway,voyage/voyage-3-large,Voyage 3 Large,voyage,128K,,,"General, AI, Assistant",General,AI,Assistant,,"voyage Voyage 3 Large - AI model available through Vercel AI Gateway",,,,,,,voyage/voyage-3-large,voyage/voyage-3-large,https://gateway.ai.vercel.com/v1
,AI Gateway,voyage/voyage-3.5,Voyage 3.5,voyage,128K,,,"General, AI, Assistant",General,AI,Assistant,,"voyage Voyage 3.5 - AI model available through Vercel AI Gateway",,,,,,,voyage/voyage-3.5,voyage/voyage-3.5,https://gateway.ai.vercel.com/v1
,AI Gateway,voyage/voyage-3.5-lite,Voyage 3.5 Lite,voyage,128K,,,"General, AI, Assistant",General,AI,Assistant,,"voyage Voyage 3.5 Lite - AI model available through Vercel AI Gateway",,,,,,,voyage/voyage-3.5-lite,voyage/voyage-3.5-lite,https://gateway.ai.vercel.com/v1
,AI Gateway,voyage/voyage-code-2,Voyage Code 2,voyage,128K,,,"General, AI, Assistant",General,AI,Assistant,,"voyage Voyage Code 2 - AI model available through Vercel AI Gateway",,,,,,,voyage/voyage-code-2,voyage/voyage-code-2,https://gateway.ai.vercel.com/v1
,AI Gateway,voyage/voyage-code-3,Voyage Code 3,voyage,128K,,,"General, AI, Assistant",General,AI,Assistant,,"voyage Voyage Code 3 - AI model available through Vercel AI Gateway",,,,,,,voyage/voyage-code-3,voyage/voyage-code-3,https://gateway.ai.vercel.com/v1
,AI Gateway,voyage/voyage-finance-2,Voyage Finance 2,voyage,128K,,,"General, AI, Assistant",General,AI,Assistant,,"voyage Voyage Finance 2 - AI model available through Vercel AI Gateway",,,,,,,voyage/voyage-finance-2,voyage/voyage-finance-2,https://gateway.ai.vercel.com/v1
,AI Gateway,voyage/voyage-law-2,Voyage Law 2,voyage,128K,,,"General, AI, Assistant",General,AI,Assistant,,"voyage Voyage Law 2 - AI model available through Vercel AI Gateway",,,,,,,voyage/voyage-law-2,voyage/voyage-law-2,https://gateway.ai.vercel.com/v1
,AI Gateway,xai/grok-2,Grok 2,xai,128K,,,"General, AI, Assistant",General,AI,Assistant,,"xai Grok 2 - AI model available through Vercel AI Gateway",,,,,,,xai/grok-2,xai/grok-2,https://gateway.ai.vercel.com/v1
,AI Gateway,xai/grok-2-vision,Grok 2 Vision,xai,128K,,,"General, AI, Assistant",General,AI,Assistant,,"xai Grok 2 Vision - AI model available through Vercel AI Gateway",,,,,,,xai/grok-2-vision,xai/grok-2-vision,https://gateway.ai.vercel.com/v1
,AI Gateway,xai/grok-3,Grok 3,xai,128K,,,"General, AI, Assistant",General,AI,Assistant,,"xai Grok 3 - AI model available through Vercel AI Gateway",,,,,,,xai/grok-3,xai/grok-3,https://gateway.ai.vercel.com/v1
,AI Gateway,xai/grok-3-fast,Grok 3 Fast,xai,128K,,,"General, AI, Assistant",General,AI,Assistant,,"xai Grok 3 Fast - AI model available through Vercel AI Gateway",,,,,,,xai/grok-3-fast,xai/grok-3-fast,https://gateway.ai.vercel.com/v1
,AI Gateway,xai/grok-3-mini,Grok 3 Mini,xai,128K,,,"General, AI, Assistant",General,AI,Assistant,,"xai Grok 3 Mini - AI model available through Vercel AI Gateway",,,,,,,xai/grok-3-mini,xai/grok-3-mini,https://gateway.ai.vercel.com/v1
,AI Gateway,xai/grok-3-mini-fast,Grok 3 Mini Fast,xai,128K,,,"General, AI, Assistant",General,AI,Assistant,,"xai Grok 3 Mini Fast - AI model available through Vercel AI Gateway",,,,,,,xai/grok-3-mini-fast,xai/grok-3-mini-fast,https://gateway.ai.vercel.com/v1
,AI Gateway,xai/grok-4,Grok 4,xai,128K,,,"General, AI, Assistant",General,AI,Assistant,,"xai Grok 4 - AI model available through Vercel AI Gateway",,,,,,,xai/grok-4,xai/grok-4,https://gateway.ai.vercel.com/v1
,AI Gateway,xai/grok-code-fast-1,Grok Code Fast 1,xai,128K,,,"General, AI, Assistant",General,AI,Assistant,,"xai Grok Code Fast 1 - AI model available through Vercel AI Gateway",,,,,,,xai/grok-code-fast-1,xai/grok-code-fast-1,https://gateway.ai.vercel.com/v1
,AI Gateway,zai/glm-4.5,Glm 4.5,zai,128K,,,"General, AI, Assistant",General,AI,Assistant,,"zai Glm 4.5 - AI model available through Vercel AI Gateway",,,,,,,zai/glm-4.5,zai/glm-4.5,https://gateway.ai.vercel.com/v1
,AI Gateway,zai/glm-4.5-air,Glm 4.5 Air,zai,128K,,,"General, AI, Assistant",General,AI,Assistant,,"zai Glm 4.5 Air - AI model available through Vercel AI Gateway",,,,,,,zai/glm-4.5-air,zai/glm-4.5-air,https://gateway.ai.vercel.com/v1
,AI Gateway,zai/glm-4.5v,Glm 4.5v,zai,128K,,,"General, AI, Assistant",General,AI,Assistant,,"zai Glm 4.5v - AI model available through Vercel AI Gateway",,,,,,,zai/glm-4.5v,zai/glm-4.5v,https://gateway.ai.vercel.com/v1